{
  "intern": {
    "precision": 0.45,
    "recall": 0.9,
    "f1-score": 0.6,
    "support": 20.0
  },
  "junior": {
    "precision": 0.3333333333333333,
    "recall": 0.13333333333333333,
    "f1-score": 0.19047619047619044,
    "support": 15.0
  },
  "senior": {
    "precision": 0.0,
    "recall": 0.0,
    "f1-score": 0.0,
    "support": 8.0
  },
  "lead": {
    "precision": 0.7368421052631579,
    "recall": 0.9655172413793104,
    "f1-score": 0.835820895522388,
    "support": 29.0
  },
  "template_or_clone": {
    "precision": 0.0,
    "recall": 0.0,
    "f1-score": 0.0,
    "support": 6.0
  },
  "low_value": {
    "precision": 0.1875,
    "recall": 0.13636363636363635,
    "f1-score": 0.15789473684210525,
    "support": 22.0
  },
  "accuracy": 0.51,
  "macro avg": {
    "precision": 0.2846125730994152,
    "recall": 0.35586903517938,
    "f1-score": 0.29736530380678067,
    "support": 100.0
  },
  "weighted avg": {
    "precision": 0.3949342105263158,
    "recall": 0.51,
    "f1-score": 0.4256963303781843,
    "support": 100.0
  }
}